hora,secoes,frac,c12,c13,c14,c15,c16,c21,c22,c27,c30,c44,c80
18:06:41,131,0.0050,4.6751,50.4443,0.0644,7.7758,0.0419,0.1417,34.9346,0.0322,1.0818,0.6633,0.1449
18:21:09,263,0.0100,4.8490,48.9017,0.0678,8.2948,0.0416,0.1263,35.7810,0.0246,1.1245,0.6300,0.1587
18:23:20,394,0.0150,4.8037,48.4108,0.0668,8.4231,0.0473,0.1172,36.1986,0.0236,1.1349,0.6260,0.1480
18:27:20,526,0.0200,4.6754,48.1971,0.0650,8.1982,0.0470,0.1026,36.8660,0.0243,1.0430,0.6374,0.1441
18:28:57,657,0.0250,4.6344,47.8235,0.0634,8.1255,0.0431,0.0970,37.3456,0.0241,1.0393,0.6717,0.1324
18:31:32,789,0.0300,4.6129,47.6589,0.0604,8.0194,0.0415,0.0929,37.6489,0.0236,1.0179,0.6914,0.1323
18:34:30,920,0.0350,4.5839,47.5512,0.0631,7.9247,0.0424,0.0924,37.9030,0.0243,0.9859,0.6998,0.1293
18:35:39,1052,0.0400,4.5531,47.6314,0.0642,7.8472,0.0431,0.0920,37.9294,0.0251,0.9733,0.7164,0.1249
18:37:27,1183,0.0450,4.5351,47.2596,0.0658,7.8591,0.0432,0.0920,38.3150,0.0244,0.9708,0.7120,0.1230
18:39:25,1314,0.0500,4.5392,47.2864,0.0669,7.8296,0.0436,0.0909,38.3009,0.0237,0.9733,0.7193,0.1264
18:40:25,1446,0.0550,4.4912,47.4708,0.0648,7.7801,0.0441,0.0897,38.2350,0.0229,0.9547,0.7230,0.1236
18:41:30,1577,0.0600,4.4636,47.2071,0.0642,7.8591,0.0427,0.0885,38.4480,0.0230,0.9672,0.7118,0.1247
18:42:27,1709,0.0650,4.4448,47.1488,0.0631,7.8610,0.0434,0.0872,38.5341,0.0236,0.9617,0.7092,0.1232
18:43:35,1840,0.0700,4.4364,46.8514,0.0632,7.9058,0.0442,0.0865,38.7935,0.0240,0.9666,0.7060,0.1224
18:44:58,1972,0.0750,4.4243,46.9859,0.0622,7.8845,0.0442,0.0853,38.6861,0.0237,0.9698,0.7130,0.1210
18:46:26,2103,0.0800,4.4299,46.8324,0.0618,7.8714,0.0438,0.0848,38.8453,0.0245,0.9716,0.7139,0.1206
18:47:33,2234,0.0850,4.4480,46.7062,0.0624,7.8720,0.0434,0.0853,38.9569,0.0245,0.9672,0.7153,0.1188
18:48:33,2366,0.0900,4.4591,46.5440,0.0622,7.8876,0.0435,0.0846,39.0736,0.0254,0.9780,0.7223,0.1197
18:49:30,2497,0.0950,4.4528,46.5983,0.0627,7.8927,0.0431,0.0832,39.0251,0.0258,0.9712,0.7248,0.1204
18:50:31,2629,0.1000,4.4619,46.6402,0.0640,7.8889,0.0424,0.0836,38.9752,0.0249,0.9669,0.7296,0.1224
18:51:00,2760,0.1050,4.4778,46.3659,0.0639,7.9298,0.0422,0.0822,39.1958,0.0250,0.9674,0.7267,0.1233
18:51:44,2892,0.1100,4.4871,46.4177,0.0652,7.8906,0.0423,0.0818,39.1724,0.0253,0.9618,0.7316,0.1242
18:52:34,3023,0.1150,4.4814,46.4278,0.0646,7.8632,0.0417,0.0812,39.2000,0.0254,0.9565,0.7344,0.1239
18:53:26,3155,0.1200,4.4795,46.1795,0.0640,7.9109,0.0419,0.0815,39.4034,0.0254,0.9571,0.7327,0.1242
18:54:43,3286,0.1250,4.4782,46.0752,0.0641,7.9506,0.0415,0.0812,39.4641,0.0249,0.9656,0.7315,0.1232
18:55:38,3417,0.1300,4.4753,46.2965,0.0637,7.9218,0.0409,0.0822,39.2741,0.0250,0.9586,0.7368,0.1252
18:56:47,3549,0.1350,4.4677,46.2789,0.0629,7.9380,0.0410,0.0813,39.2802,0.0254,0.9608,0.7385,0.1252
18:57:13,3680,0.1400,4.4605,46.2288,0.0624,7.9686,0.0409,0.0809,39.3039,0.0259,0.9645,0.7385,0.1251
18:57:51,3812,0.1450,4.4543,46.3640,0.0617,7.9665,0.0407,0.0796,39.1755,0.0258,0.9648,0.7425,0.1246
18:59:02,3943,0.1500,4.4611,46.3988,0.0618,7.9581,0.0409,0.0793,39.1403,0.0256,0.9654,0.7439,0.1247
18:59:49,4075,0.1550,4.4752,46.2648,0.0620,7.9838,0.0405,0.0792,39.2350,0.0253,0.9689,0.7410,0.1244
19:00:43,4206,0.1600,4.4822,46.2654,0.0625,7.9686,0.0398,0.0794,39.2461,0.0251,0.9657,0.7392,0.1259
19:01:04,4338,0.1650,4.4847,46.1270,0.0625,7.9859,0.0392,0.0799,39.3641,0.0251,0.9716,0.7332,0.1267
19:01:57,4469,0.1700,4.4863,46.0495,0.0626,7.9941,0.0386,0.0791,39.4305,0.0255,0.9740,0.7330,0.1267
19:02:46,4600,0.1750,4.4784,45.9565,0.0624,8.0320,0.0379,0.0787,39.4912,0.0253,0.9793,0.7320,0.1263
19:03:33,4732,0.1800,4.4869,46.0032,0.0627,8.0268,0.0372,0.0787,39.4400,0.0255,0.9800,0.7327,0.1264
19:04:27,4863,0.1850,4.4877,45.9857,0.0625,8.0258,0.0373,0.0785,39.4521,0.0257,0.9798,0.7379,0.1269
19:05:21,4995,0.1900,4.4877,45.8610,0.0627,8.0473,0.0377,0.0778,39.5541,0.0261,0.9842,0.7345,0.1268
19:05:47,5126,0.1950,4.4843,45.7981,0.0624,8.0701,0.0375,0.0774,39.5929,0.0263,0.9924,0.7321,0.1264
19:06:25,5258,0.2000,4.4746,45.8748,0.0618,8.0818,0.0376,0.0784,39.5121,0.0265,0.9956,0.7305,0.1264
19:06:45,5389,0.2050,4.4728,45.8981,0.0621,8.0785,0.0379,0.0785,39.4979,0.0268,0.9903,0.7307,0.1265
19:07:27,5520,0.2100,4.4716,45.9133,0.0619,8.0595,0.0376,0.0779,39.5078,0.0265,0.9847,0.7318,0.1274
19:07:45,5652,0.2150,4.4596,46.0060,0.0618,8.0405,0.0374,0.0775,39.4528,0.0263,0.9803,0.7317,0.1262
19:08:30,5783,0.2200,4.4632,45.9512,0.0616,8.0592,0.0375,0.0775,39.4853,0.0261,0.9843,0.7276,0.1265
19:08:47,5915,0.2250,4.4669,45.8951,0.0616,8.0701,0.0376,0.0777,39.5242,0.0258,0.9872,0.7271,0.1268
19:09:09,6046,0.2300,4.4640,45.8491,0.0618,8.0902,0.0376,0.0781,39.5487,0.0255,0.9918,0.7264,0.1269
19:09:50,6178,0.2350,4.4618,45.8779,0.0617,8.0856,0.0377,0.0777,39.5265,0.0254,0.9904,0.7283,0.1269
19:10:44,6309,0.2400,4.4603,45.9195,0.0617,8.0652,0.0375,0.0775,39.5094,0.0253,0.9877,0.7290,0.1269
19:11:26,6441,0.2450,4.4587,45.9431,0.0623,8.0529,0.0378,0.0775,39.4971,0.0257,0.9883,0.7299,0.1268
19:12:10,6572,0.2500,4.4579,45.9569,0.0621,8.0511,0.0374,0.0780,39.4873,0.0257,0.9883,0.7286,0.1268
19:12:37,6703,0.2550,4.4664,45.8678,0.0620,8.0737,0.0373,0.0779,39.5401,0.0257,0.9964,0.7261,0.1265
19:13:18,6835,0.2600,4.4668,45.8758,0.0620,8.0742,0.0371,0.0779,39.5288,0.0259,0.9959,0.7296,0.1261
19:14:04,6966,0.2650,4.4619,45.8548,0.0621,8.0859,0.0371,0.0776,39.5424,0.0261,0.9970,0.7287,0.1262
19:14:44,7098,0.2700,4.4596,45.8532,0.0621,8.0784,0.0375,0.0774,39.5561,0.0260,0.9952,0.7281,0.1264
19:15:12,7229,0.2750,4.4577,45.8287,0.0623,8.0860,0.0375,0.0775,39.5740,0.0260,0.9947,0.7292,0.1265
19:15:29,7361,0.2800,4.4589,45.8091,0.0625,8.1000,0.0374,0.0778,39.5763,0.0260,0.9975,0.7276,0.1268
19:15:42,7492,0.2850,4.4617,45.7835,0.0622,8.1038,0.0373,0.0783,39.5950,0.0258,0.9963,0.7292,0.1269
19:15:53,7624,0.2900,4.4637,45.7373,0.0623,8.1104,0.0369,0.0782,39.6309,0.0256,0.9993,0.7289,0.1265
19:16:15,7755,0.2950,4.4596,45.7376,0.0623,8.1124,0.0370,0.0780,39.6326,0.0254,0.9988,0.7296,0.1266
19:16:42,7886,0.3000,4.4647,45.6864,0.0620,8.1358,0.0368,0.0781,39.6507,0.0256,1.0049,0.7281,0.1269
19:17:25,8018,0.3050,4.4594,45.6760,0.0625,8.1513,0.0371,0.0779,39.6474,0.0255,1.0085,0.7276,0.1268
19:17:53,8149,0.3100,4.4600,45.6775,0.0620,8.1540,0.0370,0.0781,39.6415,0.0253,1.0102,0.7276,0.1268
19:18:38,8281,0.3150,4.4626,45.6640,0.0620,8.1588,0.0374,0.0780,39.6462,0.0254,1.0115,0.7269,0.1272
19:19:08,8412,0.3200,4.4627,45.6431,0.0616,8.1680,0.0372,0.0782,39.6570,0.0252,1.0120,0.7277,0.1273
19:19:44,8544,0.3250,4.4659,45.6125,0.0619,8.1864,0.0371,0.0782,39.6642,0.0252,1.0152,0.7263,0.1272
19:20:11,8675,0.3300,4.4694,45.5785,0.0621,8.2024,0.0371,0.0783,39.6764,0.0251,1.0193,0.7242,0.1272
19:20:34,8806,0.3350,4.4730,45.5272,0.0618,8.2306,0.0371,0.0779,39.6946,0.0250,1.0223,0.7237,0.1268
19:21:12,8938,0.3400,4.4683,45.5560,0.0618,8.2378,0.0375,0.0785,39.6647,0.0249,1.0215,0.7227,0.1262
19:21:46,9069,0.3450,4.4633,45.5784,0.0620,8.2380,0.0374,0.0785,39.6492,0.0248,1.0216,0.7210,0.1259
19:22:37,9201,0.3500,4.4617,45.5797,0.0620,8.2448,0.0374,0.0786,39.6422,0.0247,1.0236,0.7194,0.1260
19:23:03,9332,0.3550,4.4607,45.6309,0.0618,8.2358,0.0373,0.0782,39.6008,0.0246,1.0238,0.7201,0.1261
19:23:43,9464,0.3600,4.4631,45.6549,0.0618,8.2354,0.0371,0.0782,39.5756,0.0245,1.0218,0.7216,0.1260
19:24:13,9595,0.3650,4.4653,45.6629,0.0622,8.2388,0.0372,0.0777,39.5638,0.0244,1.0215,0.7205,0.1256
19:24:35,9727,0.3700,4.4646,45.6922,0.0624,8.2418,0.0370,0.0776,39.5327,0.0242,1.0205,0.7217,0.1254
19:24:48,9858,0.3750,4.4604,45.7494,0.0625,8.2372,0.0372,0.0776,39.4856,0.0241,1.0180,0.7228,0.1253
19:25:04,9989,0.3800,4.4604,45.7614,0.0629,8.2378,0.0373,0.0777,39.4722,0.0242,1.0177,0.7231,0.1254
19:25:40,10121,0.3850,4.4581,45.7924,0.0629,8.2392,0.0375,0.0778,39.4441,0.0242,1.0162,0.7222,0.1253
19:26:02,10252,0.3900,4.4588,45.8206,0.0629,8.2421,0.0376,0.0776,39.4119,0.0241,1.0174,0.7220,0.1250
19:26:44,10384,0.3950,4.4554,45.8683,0.0628,8.2394,0.0376,0.0771,39.3722,0.0241,1.0170,0.7216,0.1243
19:27:22,10515,0.4000,4.4484,45.9060,0.0629,8.2278,0.0377,0.0771,39.3542,0.0241,1.0151,0.7224,0.1242
19:27:46,10647,0.4050,4.4490,45.8936,0.0627,8.2300,0.0379,0.0770,39.3639,0.0241,1.0144,0.7231,0.1243
19:28:12,10778,0.4100,4.4446,45.9294,0.0627,8.2234,0.0379,0.0769,39.3401,0.0241,1.0128,0.7237,0.1244
19:28:47,10910,0.4150,4.4428,45.9589,0.0626,8.2167,0.0380,0.0769,39.3213,0.0239,1.0110,0.7237,0.1242
19:29:17,11041,0.4200,4.4435,45.9695,0.0625,8.2110,0.0379,0.0770,39.3166,0.0240,1.0098,0.7239,0.1243
19:29:44,11172,0.4250,4.4419,45.9519,0.0626,8.2154,0.0378,0.0768,39.3319,0.0241,1.0094,0.7237,0.1245
19:30:09,11304,0.4300,4.4415,45.9565,0.0627,8.2126,0.0377,0.0766,39.3322,0.0244,1.0080,0.7232,0.1246
19:30:32,11435,0.4350,4.4386,45.9701,0.0629,8.2067,0.0377,0.0765,39.3278,0.0244,1.0078,0.7229,0.1247
19:30:42,11567,0.4400,4.4376,45.9774,0.0630,8.1969,0.0378,0.0762,39.3333,0.0243,1.0060,0.7230,0.1246
19:31:03,11698,0.4450,4.4362,45.9958,0.0629,8.1848,0.0378,0.0763,39.3283,0.0244,1.0048,0.7237,0.1248
19:31:36,11830,0.4500,4.4358,46.0090,0.0629,8.1833,0.0379,0.0762,39.3187,0.0243,1.0047,0.7223,0.1247
19:31:54,11961,0.4550,4.4365,45.9933,0.0627,8.1933,0.0379,0.0765,39.3228,0.0243,1.0069,0.7212,0.1246
19:32:39,12092,0.4600,4.4330,46.0334,0.0624,8.1926,0.0380,0.0762,39.2870,0.0243,1.0075,0.7208,0.1247
19:33:29,12224,0.4650,4.4312,46.0475,0.0623,8.1898,0.0379,0.0760,39.2782,0.0242,1.0072,0.7212,0.1245
19:33:45,12355,0.4700,4.4297,46.0786,0.0625,8.1889,0.0378,0.0759,39.2512,0.0241,1.0063,0.7207,0.1243
19:34:28,12487,0.4750,4.4260,46.1139,0.0624,8.1841,0.0379,0.0761,39.2254,0.0241,1.0056,0.7206,0.1240
19:34:44,12618,0.4800,4.4229,46.1345,0.0627,8.1821,0.0378,0.0758,39.2106,0.0242,1.0049,0.7203,0.1241
19:35:00,12750,0.4850,4.4213,46.1652,0.0627,8.1739,0.0376,0.0756,39.1921,0.0241,1.0025,0.7208,0.1243
19:35:34,12881,0.4900,4.4202,46.1949,0.0625,8.1667,0.0375,0.0755,39.1712,0.0240,1.0023,0.7205,0.1247
19:35:53,13013,0.4950,4.4192,46.2024,0.0625,8.1719,0.0376,0.0754,39.1603,0.0239,1.0029,0.7191,0.1248
19:36:13,13144,0.5000,4.4166,46.2074,0.0626,8.1677,0.0377,0.0752,39.1612,0.0240,1.0016,0.7212,0.1247
19:36:39,13275,0.5050,4.4153,46.2310,0.0627,8.1616,0.0377,0.0751,39.1463,0.0241,1.0004,0.7213,0.1245
19:36:58,13407,0.5100,4.4113,46.2603,0.0629,8.1539,0.0377,0.0752,39.1291,0.0241,0.9986,0.7224,0.1245
19:37:42,13538,0.5150,4.4077,46.3306,0.0627,8.1411,0.0377,0.0750,39.0766,0.0242,0.9958,0.7241,0.1245
19:38:29,13670,0.5200,4.4063,46.3642,0.0628,8.1348,0.0377,0.0750,39.0512,0.0243,0.9945,0.7244,0.1248
19:38:46,13801,0.5250,4.4080,46.3744,0.0626,8.1402,0.0376,0.0752,39.0326,0.0245,0.9966,0.7236,0.1246
19:39:31,13933,0.5300,4.4074,46.3896,0.0626,8.1451,0.0378,0.0751,39.0113,0.0244,0.9978,0.7243,0.1247
19:39:44,14064,0.5350,4.4047,46.4162,0.0628,8.1432,0.0378,0.0750,38.9870,0.0244,0.9987,0.7256,0.1247
19:40:02,14196,0.5400,4.4020,46.4340,0.0628,8.1434,0.0379,0.0748,38.9726,0.0244,0.9978,0.7261,0.1244
19:40:40,14327,0.5450,4.4035,46.4173,0.0627,8.1573,0.0379,0.0747,38.9729,0.0244,0.9995,0.7255,0.1243
19:41:02,14458,0.5500,4.4053,46.4192,0.0625,8.1549,0.0379,0.0747,38.9726,0.0243,0.9987,0.7255,0.1242
19:41:34,14590,0.5550,4.4062,46.3955,0.0624,8.1697,0.0380,0.0749,38.9779,0.0244,1.0020,0.7248,0.1242
19:41:57,14721,0.5600,4.4069,46.4028,0.0622,8.1740,0.0380,0.0750,38.9655,0.0244,1.0025,0.7245,0.1242
19:42:46,14853,0.5650,4.4039,46.4264,0.0620,8.1658,0.0380,0.0750,38.9547,0.0244,1.0013,0.7244,0.1242
19:43:06,14984,0.5700,4.4023,46.4505,0.0621,8.1583,0.0378,0.0747,38.9413,0.0246,0.9984,0.7257,0.1242
19:43:40,15116,0.5750,4.4005,46.4679,0.0622,8.1575,0.0377,0.0747,38.9271,0.0246,0.9979,0.7259,0.1239
19:43:59,15247,0.5800,4.3993,46.4844,0.0622,8.1590,0.0378,0.0745,38.9108,0.0245,0.9975,0.7262,0.1239
19:44:34,15378,0.5850,4.3970,46.5088,0.0622,8.1652,0.0378,0.0743,38.8822,0.0245,0.9985,0.7259,0.1237
19:44:54,15510,0.5900,4.3947,46.5283,0.0623,8.1752,0.0378,0.0742,38.8543,0.0245,1.0002,0.7252,0.1234
19:45:34,15641,0.5950,4.3905,46.5745,0.0624,8.1679,0.0377,0.0743,38.8199,0.0245,0.9995,0.7254,0.1234
19:45:50,15773,0.6000,4.3909,46.5807,0.0625,8.1660,0.0377,0.0743,38.8161,0.0247,0.9986,0.7252,0.1235
19:46:31,15904,0.6050,4.3894,46.6193,0.0625,8.1613,0.0377,0.0743,38.7843,0.0247,0.9979,0.7251,0.1237
19:46:47,16036,0.6100,4.3884,46.6353,0.0624,8.1575,0.0377,0.0744,38.7715,0.0246,0.9981,0.7263,0.1239
19:47:16,16167,0.6150,4.3865,46.6694,0.0625,8.1487,0.0377,0.0743,38.7492,0.0246,0.9974,0.7259,0.1238
19:47:46,16299,0.6200,4.3840,46.7008,0.0626,8.1401,0.0378,0.0743,38.7288,0.0247,0.9960,0.7269,0.1241
19:48:32,16430,0.6250,4.3839,46.7134,0.0626,8.1406,0.0380,0.0744,38.7168,0.0247,0.9945,0.7269,0.1242
19:48:48,16561,0.6300,4.3823,46.7256,0.0627,8.1388,0.0381,0.0742,38.7083,0.0246,0.9930,0.7280,0.1243
19:49:05,16693,0.6350,4.3812,46.7210,0.0625,8.1411,0.0383,0.0741,38.7119,0.0247,0.9929,0.7279,0.1244
19:49:43,16824,0.6400,4.3816,46.7215,0.0625,8.1491,0.0383,0.0743,38.7030,0.0247,0.9934,0.7273,0.1243
19:50:05,16956,0.6450,4.3813,46.7241,0.0623,8.1501,0.0382,0.0742,38.7005,0.0247,0.9935,0.7269,0.1243
19:50:35,17087,0.6500,4.3801,46.7287,0.0623,8.1512,0.0385,0.0742,38.6956,0.0247,0.9937,0.7269,0.1241
19:51:03,17219,0.6550,4.3770,46.7478,0.0624,8.1461,0.0384,0.0741,38.6844,0.0248,0.9937,0.7270,0.1242
19:51:51,17350,0.6600,4.3753,46.7500,0.0624,8.1467,0.0384,0.0740,38.6822,0.0248,0.9950,0.7271,0.1242
19:52:15,17482,0.6650,4.3743,46.7478,0.0624,8.1501,0.0384,0.0740,38.6827,0.0247,0.9953,0.7261,0.1241
19:52:52,17613,0.6700,4.3745,46.7475,0.0622,8.1539,0.0383,0.0739,38.6794,0.0247,0.9967,0.7251,0.1238
19:53:37,17744,0.6750,4.3718,46.7530,0.0622,8.1562,0.0383,0.0739,38.6728,0.0247,0.9989,0.7246,0.1237
19:53:56,17876,0.6800,4.3692,46.7756,0.0621,8.1623,0.0384,0.0741,38.6460,0.0247,0.9998,0.7241,0.1238
19:54:34,18007,0.6850,4.3677,46.8035,0.0622,8.1670,0.0383,0.0741,38.6151,0.0248,0.9990,0.7245,0.1238
19:54:47,18139,0.6900,4.3653,46.8520,0.0622,8.1600,0.0385,0.0741,38.5763,0.0248,0.9984,0.7247,0.1238
19:55:32,18270,0.6950,4.3623,46.9047,0.0623,8.1524,0.0385,0.0739,38.5352,0.0248,0.9967,0.7255,0.1237
19:55:50,18402,0.7000,4.3617,46.9165,0.0622,8.1583,0.0384,0.0741,38.5182,0.0247,0.9973,0.7249,0.1237
19:56:32,18533,0.7050,4.3613,46.9420,0.0621,8.1527,0.0384,0.0741,38.4993,0.0246,0.9968,0.7251,0.1236
19:56:49,18664,0.7100,4.3600,46.9535,0.0622,8.1554,0.0385,0.0743,38.4849,0.0247,0.9976,0.7255,0.1235
19:57:32,18796,0.7150,4.3591,46.9833,0.0623,8.1511,0.0385,0.0745,38.4604,0.0246,0.9967,0.7264,0.1233
19:57:53,18927,0.7200,4.3592,47.0044,0.0622,8.1480,0.0386,0.0744,38.4418,0.0245,0.9965,0.7269,0.1234
19:58:36,19059,0.7250,4.3606,46.9934,0.0623,8.1549,0.0386,0.0743,38.4454,0.0245,0.9969,0.7259,0.1232
19:58:53,19190,0.7300,4.3592,47.0141,0.0623,8.1512,0.0386,0.0745,38.4291,0.0245,0.9966,0.7266,0.1231
19:59:36,19322,0.7350,4.3604,47.0191,0.0623,8.1539,0.0386,0.0747,38.4190,0.0245,0.9982,0.7260,0.1232
19:59:56,19453,0.7400,4.3605,47.0254,0.0622,8.1559,0.0385,0.0745,38.4101,0.0246,0.9983,0.7266,0.1232
20:00:37,19585,0.7450,4.3594,47.0457,0.0622,8.1521,0.0385,0.0746,38.3949,0.0246,0.9981,0.7267,0.1231
20:01:02,19716,0.7500,4.3575,47.0614,0.0623,8.1503,0.0386,0.0745,38.3833,0.0246,0.9969,0.7274,0.1231
20:01:56,19847,0.7550,4.3581,47.0716,0.0623,8.1493,0.0385,0.0745,38.3741,0.0247,0.9962,0.7276,0.1231
20:02:40,19979,0.7600,4.3582,47.0651,0.0623,8.1578,0.0386,0.0744,38.3704,0.0247,0.9977,0.7275,0.1233
20:03:31,20110,0.7650,4.3579,47.0676,0.0622,8.1613,0.0385,0.0744,38.3634,0.0248,0.9989,0.7278,0.1232
20:04:01,20242,0.7700,4.3567,47.0756,0.0623,8.1617,0.0384,0.0742,38.3564,0.0248,0.9985,0.7282,0.1232
20:04:45,20373,0.7750,4.3548,47.1004,0.0621,8.1574,0.0384,0.0743,38.3391,0.0249,0.9977,0.7281,0.1229
20:05:32,20505,0.7800,4.3528,47.1276,0.0620,8.1517,0.0385,0.0742,38.3211,0.0249,0.9962,0.7281,0.1230
20:05:49,20636,0.7850,4.3493,47.1499,0.0619,8.1490,0.0384,0.0739,38.3066,0.0248,0.9956,0.7277,0.1229
20:06:10,20768,0.7900,4.3483,47.1567,0.0619,8.1495,0.0386,0.0740,38.2997,0.0249,0.9953,0.7283,0.1228
20:06:44,20899,0.7950,4.3455,47.1841,0.0617,8.1492,0.0385,0.0739,38.2760,0.0249,0.9955,0.7278,0.1228
20:07:13,21030,0.8000,4.3438,47.2185,0.0617,8.1422,0.0386,0.0738,38.2511,0.0248,0.9948,0.7282,0.1226
20:07:45,21162,0.8050,4.3443,47.2083,0.0616,8.1512,0.0386,0.0738,38.2496,0.0248,0.9972,0.7278,0.1227
20:08:13,21293,0.8100,4.3444,47.2081,0.0617,8.1532,0.0387,0.0738,38.2480,0.0248,0.9964,0.7279,0.1230
20:08:40,21425,0.8150,4.3451,47.1871,0.0617,8.1627,0.0386,0.0738,38.2578,0.0248,0.9979,0.7275,0.1229
20:08:53,21556,0.8200,4.3457,47.1710,0.0617,8.1629,0.0386,0.0738,38.2737,0.0249,0.9971,0.7275,0.1230
20:09:36,21688,0.8250,4.3470,47.1524,0.0616,8.1643,0.0387,0.0738,38.2896,0.0248,0.9971,0.7275,0.1231
20:09:43,21819,0.8300,4.3481,47.1457,0.0615,8.1659,0.0387,0.0737,38.2937,0.0248,0.9971,0.7277,0.1231
20:10:04,21950,0.8350,4.3485,47.1456,0.0616,8.1660,0.0387,0.0737,38.2932,0.0248,0.9963,0.7283,0.1233
20:10:39,22082,0.8400,4.3472,47.1584,0.0614,8.1631,0.0387,0.0737,38.2850,0.0248,0.9959,0.7286,0.1232
20:10:50,22213,0.8450,4.3467,47.1886,0.0615,8.1593,0.0388,0.0737,38.2589,0.0247,0.9949,0.7295,0.1232
20:11:36,22345,0.8500,4.3451,47.2196,0.0614,8.1548,0.0388,0.0737,38.2347,0.0248,0.9942,0.7298,0.1232
20:11:49,22476,0.8550,4.3455,47.2050,0.0615,8.1582,0.0388,0.0737,38.2458,0.0248,0.9943,0.7293,0.1232
20:12:33,22608,0.8600,4.3465,47.1709,0.0614,8.1595,0.0388,0.0739,38.2779,0.0248,0.9941,0.7291,0.1231
20:12:41,22739,0.8650,4.3478,47.1315,0.0614,8.1639,0.0388,0.0737,38.3113,0.0248,0.9954,0.7284,0.1230
20:12:50,22871,0.8700,4.3488,47.0943,0.0615,8.1671,0.0388,0.0737,38.3444,0.0249,0.9951,0.7283,0.1230
20:13:31,23002,0.8750,4.3525,47.0668,0.0617,8.1693,0.0389,0.0737,38.3651,0.0248,0.9966,0.7278,0.1230
20:13:40,23133,0.8800,4.3549,47.0441,0.0617,8.1678,0.0389,0.0736,38.3864,0.0248,0.9972,0.7278,0.1228
20:13:49,23265,0.8850,4.3577,47.0185,0.0617,8.1705,0.0388,0.0739,38.4060,0.0248,0.9975,0.7277,0.1230
20:14:51,23396,0.8900,4.3579,47.0202,0.0617,8.1739,0.0389,0.0739,38.3994,0.0247,0.9993,0.7271,0.1230
20:15:42,23528,0.8950,4.3560,47.0189,0.0616,8.1801,0.0388,0.0739,38.3959,0.0246,1.0000,0.7271,0.1231
20:16:03,23659,0.9000,4.3565,47.0105,0.0616,8.1834,0.0389,0.0739,38.4006,0.0248,1.0002,0.7266,0.1230
20:16:48,23791,0.9050,4.3542,47.0276,0.0616,8.1805,0.0389,0.0739,38.3900,0.0247,0.9989,0.7268,0.1229
20:17:32,23922,0.9100,4.3527,47.0516,0.0617,8.1747,0.0389,0.0738,38.3747,0.0248,0.9971,0.7272,0.1228
20:18:33,24054,0.9150,4.3517,47.0890,0.0618,8.1664,0.0389,0.0737,38.3483,0.0247,0.9949,0.7277,0.1229
20:19:41,24185,0.9200,4.3503,47.0993,0.0618,8.1674,0.0389,0.0737,38.3389,0.0247,0.9947,0.7273,0.1230
20:20:42,24316,0.9250,4.3463,47.1156,0.0618,8.1646,0.0388,0.0737,38.3297,0.0247,0.9941,0.7276,0.1230
20:21:37,24448,0.9300,4.3454,47.1161,0.0619,8.1639,0.0389,0.0737,38.3306,0.0246,0.9940,0.7278,0.1232
20:22:44,24579,0.9350,4.3453,47.1237,0.0618,8.1615,0.0389,0.0737,38.3262,0.0246,0.9936,0.7276,0.1231
20:24:09,24711,0.9400,4.3432,47.1449,0.0617,8.1639,0.0389,0.0737,38.3051,0.0246,0.9935,0.7275,0.1231
20:25:47,24842,0.9450,4.3407,47.1814,0.0618,8.1593,0.0388,0.0736,38.2755,0.0245,0.9930,0.7284,0.1230
20:27:05,24974,0.9500,4.3380,47.2085,0.0618,8.1551,0.0389,0.0735,38.2569,0.0245,0.9916,0.7285,0.1229
20:28:47,25105,0.9550,4.3370,47.2377,0.0618,8.1521,0.0389,0.0734,38.2321,0.0245,0.9909,0.7288,0.1229
20:35:24,25236,0.9600,4.3370,47.2501,0.0618,8.1560,0.0388,0.0734,38.2167,0.0246,0.9903,0.7284,0.1229
20:38:30,25368,0.9650,4.3364,47.2790,0.0618,8.1474,0.0389,0.0733,38.1978,0.0246,0.9895,0.7285,0.1228
20:45:42,25499,0.9700,4.3377,47.2719,0.0618,8.1527,0.0387,0.0733,38.1989,0.0245,0.9897,0.7279,0.1228
20:56:46,25631,0.9750,4.3380,47.2624,0.0618,8.1615,0.0388,0.0732,38.1986,0.0245,0.9910,0.7273,0.1227
21:22:13,25762,0.9800,4.3380,47.2720,0.0619,8.1630,0.0389,0.0734,38.1871,0.0246,0.9910,0.7275,0.1227
21:31:11,25894,0.9850,4.3348,47.3242,0.0618,8.1512,0.0389,0.0732,38.1483,0.0245,0.9896,0.7310,0.1226
21:41:47,26025,0.9900,4.3309,47.3899,0.0618,8.1364,0.0389,0.0731,38.0999,0.0244,0.9872,0.7351,0.1225
21:54:42,26157,0.9950,4.3272,47.4594,0.0620,8.1218,0.0389,0.0729,38.0494,0.0245,0.9845,0.7371,0.1223
22:34:33,26288,1.0000,4.3231,47.5364,0.0621,8.1064,0.0388,0.0727,37.9912,0.0245,0.9824,0.7399,0.1225
