frac,hora,cat,real,contagem,projecao,lo90,hi90
0.010,17:37,lula,48.431,41.349,48.931,47.143,50.718
0.010,17:37,bolsonaro,43.198,48.334,42.658,41.052,44.264
0.010,17:37,tebet,4.158,5.234,4.198,3.834,4.562
0.010,17:37,ciro,3.044,3.660,3.009,2.735,3.283
0.010,17:37,outros,1.170,1.424,1.204,1.075,1.333
0.050,18:13,lula,48.431,42.159,47.479,46.451,48.507
0.050,18:13,bolsonaro,43.198,48.802,44.025,42.798,45.251
0.050,18:13,tebet,4.158,4.705,4.216,3.726,4.706
0.050,18:13,ciro,3.044,3.163,3.129,2.898,3.359
0.050,18:13,outros,1.170,1.172,1.152,1.037,1.267
0.100,18:31,lula,48.431,42.888,47.412,46.393,48.430
0.100,18:31,bolsonaro,43.198,48.341,44.012,42.845,45.178
0.100,18:31,tebet,4.158,4.563,4.255,3.776,4.735
0.100,18:31,ciro,3.044,3.066,3.154,2.975,3.332
0.100,18:31,outros,1.170,1.143,1.168,1.072,1.264
0.250,18:59,lula,48.431,43.419,47.322,46.418,48.226
0.250,18:59,bolsonaro,43.198,47.809,44.022,43.028,45.015
0.250,18:59,tebet,4.158,4.545,4.294,3.872,4.716
0.250,18:59,ciro,3.044,3.044,3.178,3.031,3.326
0.250,18:59,outros,1.170,1.183,1.184,1.107,1.261
0.500,19:34,lula,48.431,44.656,47.676,47.072,48.279
0.500,19:34,bolsonaro,43.198,46.523,43.724,43.123,44.326
0.500,19:34,tebet,4.158,4.534,4.273,4.013,4.534
0.500,19:34,ciro,3.044,3.077,3.150,3.054,3.247
0.500,19:34,outros,1.170,1.211,1.176,1.130,1.222
0.750,20:08,lula,48.431,46.064,48.116,47.851,48.382
0.750,20:08,bolsonaro,43.198,45.221,43.402,43.125,43.679
0.750,20:08,tebet,4.158,4.421,4.213,4.105,4.321
0.750,20:08,ciro,3.044,3.085,3.097,3.056,3.138
0.750,20:08,outros,1.170,1.209,1.172,1.148,1.195
0.900,20:29,lula,48.431,47.116,48.248,48.149,48.348
0.900,20:29,bolsonaro,43.198,44.322,43.335,43.242,43.429
0.900,20:29,tebet,4.158,4.298,4.182,4.149,4.215
0.900,20:29,ciro,3.044,3.071,3.065,3.051,3.079
0.900,20:29,outros,1.170,1.193,1.169,1.161,1.177
