frac,hora,cat,real,contagem,projecao,lo90,hi90,cobre
0.010,18:08,lula,40.887,38.425,38.970,37.506,40.435,False
0.010,18:08,bolsonaro,47.707,52.133,51.552,49.745,53.360,False
0.010,18:08,tebet,6.336,5.525,5.406,4.865,5.947,False
0.010,18:08,ciro,3.502,2.663,2.674,2.409,2.940,False
0.010,18:08,outros,1.568,1.253,1.398,1.193,1.602,True
0.050,18:34,lula,40.887,36.660,40.634,39.675,41.592,True
0.050,18:34,bolsonaro,47.707,52.920,49.219,48.155,50.282,False
0.050,18:34,tebet,6.336,5.962,5.575,5.411,5.740,False
0.050,18:34,ciro,3.502,3.064,3.149,3.027,3.270,False
0.050,18:34,outros,1.568,1.394,1.424,1.359,1.489,False
0.100,18:45,lula,40.887,36.998,40.973,40.379,41.567,True
0.100,18:45,bolsonaro,47.707,52.348,48.376,47.710,49.042,False
0.100,18:45,tebet,6.336,6.061,5.946,5.798,6.093,False
0.100,18:45,ciro,3.502,3.155,3.234,3.149,3.319,False
0.100,18:45,outros,1.568,1.438,1.471,1.424,1.519,False
0.250,19:07,lula,40.887,37.837,40.725,40.413,41.036,True
0.250,19:07,bolsonaro,47.707,51.189,48.138,47.721,48.556,False
0.250,19:07,tebet,6.336,6.178,6.182,6.060,6.304,False
0.250,19:07,ciro,3.502,3.298,3.413,3.343,3.484,False
0.250,19:07,outros,1.568,1.498,1.541,1.511,1.572,True
0.500,19:35,lula,40.887,39.236,40.700,40.506,40.894,True
0.500,19:35,bolsonaro,47.707,49.431,47.986,47.734,48.239,False
0.500,19:35,tebet,6.336,6.357,6.296,6.227,6.366,True
0.500,19:35,ciro,3.502,3.427,3.469,3.433,3.506,True
0.500,19:35,outros,1.568,1.550,1.548,1.529,1.567,False
0.750,20:03,lula,40.887,40.257,40.836,40.728,40.943,True
0.750,20:03,bolsonaro,47.707,48.320,47.812,47.671,47.954,True
0.750,20:03,tebet,6.336,6.387,6.315,6.277,6.352,True
0.750,20:03,ciro,3.502,3.470,3.480,3.455,3.506,True
0.750,20:03,outros,1.568,1.567,1.557,1.547,1.567,False
0.900,20:22,lula,40.887,40.551,40.867,40.810,40.924,True
0.900,20:22,bolsonaro,47.707,47.993,47.746,47.669,47.823,True
0.900,20:22,tebet,6.336,6.391,6.335,6.320,6.350,True
0.900,20:22,ciro,3.502,3.495,3.490,3.477,3.503,True
0.900,20:22,outros,1.568,1.571,1.563,1.558,1.568,True
