variavel,quintil,de,ate,secoes,comparecimento,lula,bolsonaro,tebet,ciro,outros
superior,1,1.03,8.66,5110,79.39,58.79,30.81,5.19,3.50,1.71
superior,2,8.66,13.59,5168,79.55,53.55,34.49,6.17,3.97,1.81
superior,3,13.59,21.11,5351,78.71,46.46,39.67,7.45,4.49,1.93
superior,4,21.11,37.47,5445,77.91,40.77,43.24,8.95,4.91,2.13
superior,5,37.47,87.66,5200,78.19,38.52,41.54,12.61,4.71,2.62
renda,1,1504.63,2270.78,5044,80.07,59.49,29.97,5.19,3.60,1.74
renda,2,2270.78,2846.49,5206,79.86,52.09,35.80,6.26,4.03,1.83
renda,3,2846.49,3878.92,5231,79.00,46.22,39.82,7.49,4.51,1.95
renda,4,3878.92,7014.86,5406,77.70,41.16,42.87,8.98,4.87,2.12
renda,5,7014.86,22748.68,5324,77.20,39.27,41.21,12.39,4.58,2.55
preta_parda,1,6.79,24.78,5343,77.37,37.36,42.95,12.46,4.65,2.57
preta_parda,2,24.78,39.61,5412,77.73,40.84,43.07,9.10,4.86,2.11
preta_parda,3,39.69,50.60,5283,78.82,47.17,39.38,7.22,4.34,1.89
preta_parda,4,50.60,59.12,5139,79.87,53.05,34.74,6.27,4.11,1.83
preta_parda,5,59.12,73.29,5034,80.03,59.85,29.48,5.26,3.62,1.78
catolicos,1,37.20,45.09,5177,80.01,54.03,34.65,5.79,3.82,1.71
catolicos,2,45.09,49.93,5353,78.50,48.64,37.99,7.21,4.26,1.90
catolicos,3,49.93,53.43,5274,78.68,47.67,38.01,7.88,4.42,2.02
catolicos,4,53.43,55.86,5213,78.59,47.58,37.16,8.66,4.45,2.14
catolicos,5,55.86,66.15,5194,78.00,40.09,41.98,10.86,4.64,2.43
evangelicos,1,4.38,14.67,5380,76.81,39.42,41.23,12.26,4.58,2.51
evangelicos,2,14.67,22.02,5353,77.97,41.53,42.52,9.01,4.80,2.14
evangelicos,3,22.02,26.04,5144,79.02,50.84,35.80,7.05,4.34,1.98
evangelicos,4,26.04,30.79,5138,79.75,52.62,35.27,6.25,4.02,1.84
evangelicos,5,30.79,39.32,5196,80.31,53.80,34.87,5.75,3.86,1.72
sem_religiao,1,7.82,11.00,5279,78.99,44.31,41.26,7.89,4.54,2.00
sem_religiao,2,11.00,12.00,5201,79.30,48.22,38.15,7.27,4.37,1.99
sem_religiao,3,12.00,13.41,5209,79.27,49.08,37.26,7.36,4.30,2.00
sem_religiao,4,13.41,15.27,5193,79.16,49.10,37.03,7.68,4.19,1.99
sem_religiao,5,15.27,28.90,5329,77.08,47.12,36.22,10.24,4.20,2.22
idosos,1,0.00,10.43,5050,81.42,54.18,34.04,5.84,4.09,1.85
idosos,2,10.43,14.68,4997,81.78,50.96,35.99,6.82,4.23,2.00
idosos,3,14.68,25.75,5038,80.95,47.51,37.31,8.49,4.48,2.20
idosos,4,25.76,35.07,5374,76.20,45.82,39.18,8.57,4.40,2.03
idosos,5,35.07,88.55,5815,74.01,39.32,43.36,10.77,4.41,2.14
