religiao,renda,terco,media,lula,bolsonaro
catolicos,1,menos,40.01,57.85,31.83
catolicos,1,meio,45.95,58.88,30.68
catolicos,1,mais,53.95,61.26,27.80
catolicos,2,menos,42.83,51.37,36.93
catolicos,2,meio,47.19,49.11,38.41
catolicos,2,mais,54.30,54.87,32.75
catolicos,3,menos,46.10,45.92,40.23
catolicos,3,meio,50.11,43.59,42.18
catolicos,3,mais,54.57,48.15,37.84
catolicos,4,menos,49.83,43.89,40.92
catolicos,4,meio,53.86,41.21,42.59
catolicos,4,mais,57.01,38.03,45.25
catolicos,5,menos,51.01,44.96,36.96
catolicos,5,meio,55.99,39.59,40.93
catolicos,5,mais,59.72,33.63,45.37
evangelicos,1,menos,25.82,62.05,27.12
evangelicos,1,meio,30.64,58.26,31.15
evangelicos,1,mais,35.55,57.62,32.09
evangelicos,2,menos,24.50,54.48,32.99
evangelicos,2,meio,29.39,50.24,37.55
evangelicos,2,mais,33.49,50.77,37.43
evangelicos,3,menos,21.93,45.05,40.46
evangelicos,3,meio,25.19,45.97,40.01
evangelicos,3,mais,29.64,46.77,39.68
evangelicos,4,menos,14.99,39.96,43.56
evangelicos,4,meio,18.39,41.06,43.02
evangelicos,4,mais,21.75,41.96,42.29
evangelicos,5,menos,6.54,39.96,38.88
evangelicos,5,meio,9.90,40.99,39.58
evangelicos,5,mais,14.42,36.92,45.07
sem_religiao,1,menos,11.21,59.93,29.15
sem_religiao,1,meio,13.45,59.99,29.43
sem_religiao,1,mais,16.09,58.14,31.64
sem_religiao,2,menos,10.44,50.90,36.52
sem_religiao,2,meio,12.09,52.40,35.43
sem_religiao,2,mais,14.39,52.23,35.97
sem_religiao,3,menos,9.97,43.91,41.83
sem_religiao,3,meio,11.43,46.23,39.63
sem_religiao,3,mais,13.51,47.56,38.76
sem_religiao,4,menos,10.44,36.86,46.42
sem_religiao,4,meio,12.11,40.48,43.56
sem_religiao,4,mais,16.48,45.60,38.92
sem_religiao,5,menos,12.63,33.97,46.92
sem_religiao,5,meio,16.44,37.10,41.93
sem_religiao,5,mais,22.43,46.90,34.55
