ano,variavel,grupo,cat,estimado,lo90,hi90,votantes
2022,idade,16-24,lula,71.508,65.941,77.075,921780.720
2022,idade,16-24,bolsonaro,18.672,13.569,23.774,921780.720
2022,idade,16-24,tebet,2.856,-1.918,7.629,921780.720
2022,idade,16-24,ciro,5.047,0.418,9.675,921780.720
2022,idade,16-24,outros,1.918,-2.665,6.501,921780.720
2022,idade,25-34,lula,57.282,51.700,62.864,1419436.826
2022,idade,25-34,bolsonaro,30.809,25.209,36.409,1419436.826
2022,idade,25-34,tebet,5.322,0.545,10.098,1419436.826
2022,idade,25-34,ciro,4.365,-0.215,8.945,1419436.826
2022,idade,25-34,outros,2.222,-2.297,6.742,1419436.826
2022,idade,35-44,lula,45.005,39.760,50.250,1613705.294
2022,idade,35-44,bolsonaro,40.794,35.440,46.147,1613705.294
2022,idade,35-44,tebet,7.427,2.712,12.143,1613705.294
2022,idade,35-44,ciro,4.404,-0.109,8.918,1613705.294
2022,idade,35-44,outros,2.370,-2.154,6.893,1613705.294
2022,idade,45-59,lula,40.828,33.872,47.784,2035767.639
2022,idade,45-59,bolsonaro,42.827,36.770,48.883,2035767.639
2022,idade,45-59,tebet,10.029,4.846,15.211,2035767.639
2022,idade,45-59,ciro,4.134,-0.448,8.716,2035767.639
2022,idade,45-59,outros,2.183,-2.333,6.699,2035767.639
2022,idade,60+,lula,33.876,27.608,40.144,1348195.521
2022,idade,60+,bolsonaro,46.860,40.674,53.046,1348195.521
2022,idade,60+,tebet,13.358,8.369,18.347,1348195.521
2022,idade,60+,ciro,4.062,-0.578,8.701,1348195.521
2022,idade,60+,outros,1.844,-2.638,6.326,1348195.521
2022,sexo,mulheres,lula,51.399,48.508,54.290,3982767.757
2022,sexo,mulheres,bolsonaro,32.293,29.725,34.862,3982767.757
2022,sexo,mulheres,tebet,10.127,8.395,11.858,3982767.757
2022,sexo,mulheres,ciro,4.121,2.801,5.442,3982767.757
2022,sexo,mulheres,outros,2.060,0.774,3.345,3982767.757
2022,sexo,homens,lula,42.460,39.745,45.176,3356118.243
2022,sexo,homens,bolsonaro,44.827,42.182,47.472,3356118.243
2022,sexo,homens,tebet,5.720,4.031,7.409,3356118.243
2022,sexo,homens,ciro,4.752,3.415,6.088,3356118.243
2022,sexo,homens,outros,2.241,0.906,3.576,3356118.243
